epoch,train_loss,val_loss,test_mae_cm,lr,seconds
1,0.058205633263838916,0.04800368472933769,4.016650468111038,0.0019986295347545727,1.2678614850001395
2,0.04546830419207874,0.04125767946243286,3.1702235341072083,0.0019945218953682704,2.1445917020000707
3,0.039500268824163236,0.03716157376766205,2.6093369349837303,0.001987688340595134,2.941600861000097
4,0.036453998916086396,0.03610915318131447,2.5302352383732796,0.0019781476007338012,3.7563877150000735
5,0.03502568018530545,0.034578438848257065,2.2454019635915756,0.0019659258262890635,4.578254861000005
6,0.03342104273595308,0.03277219831943512,2.1944064646959305,0.0019510565162951508,5.472658259000127
7,0.031260878382701626,0.030157214030623436,1.7972851172089577,0.0019335804264971998,6.4503936700000395
8,0.02936223137613974,0.02904358133673668,1.7517989501357079,0.0019135454576425994,7.423299052999937
9,0.028032369442362533,0.0278844702988863,1.6427315771579742,0.0018910065241883667,8.261438330000146
10,0.026910731450507517,0.026715576648712158,1.5324193984270096,0.001866025403784438,9.097820460000094
11,0.0247640049691263,0.025039296597242355,1.486929040402174,0.0018386705679454237,9.915505459000087
12,0.02297811359339639,0.02299562282860279,1.4143850654363632,0.0018090169943749455,10.713003534000109
13,0.02170204473341766,0.021275239065289497,1.3501069508492947,0.001777145961456969,11.523453057000097
14,0.020710837384117275,0.020771995186805725,1.2590238824486732,0.0017431448254773918,12.302115933000096
15,0.019818851211510207,0.01985247991979122,1.204619649797678,0.0017071067811865455,13.081627104000063
16,0.018952022468416315,0.018828773871064186,1.227867603302002,0.0016691306063588574,13.859415893000005
17,0.018084068902072155,0.017754465341567993,1.0972429998219013,0.001629320391049835,14.628223072000083
18,0.017316532643531498,0.017202582210302353,1.0596483945846558,0.0015877852522924716,15.429667355999982
19,0.01671013834727438,0.016707943752408028,1.0692674666643143,0.0015446390350150265,16.209990008999966
20,0.016141269003717523,0.01692534051835537,1.0323905386030674,0.0014999999999999992,16.99105607699994
21,0.015753239681454083,0.01612759567797184,0.9752151556313038,0.0014539904997395458,17.859510466000074
22,0.015108368039915436,0.015974698588252068,1.0040895082056522,0.0014067366430757999,18.672829624000087
23,0.014642321928786605,0.015072232112288475,0.8960430510342121,0.0013583679495453012,19.517186016000096
24,0.014320581510584605,0.014574065804481506,0.9019282646477222,0.0013090169943749477,20.30783719300007
25,0.013982716281712056,0.014231806620955467,0.8774607442319393,0.0012588190451025207,21.122775215000047
26,0.013775525106960222,0.014391218312084675,0.914238952100277,0.0012079116908177586,21.901509255000065
27,0.013491613724200349,0.013843471184372902,0.8778750896453857,0.0011564344650402316,22.716633311000123
28,0.013108017314186222,0.013721090741455555,0.8402576670050621,0.0011045284632676532,23.555542291999927
29,0.012888736330678588,0.013696352951228619,0.8341462351381779,0.0010523359562429426,24.354902648000007
30,0.01266836889637144,0.013273686170578003,0.8386515080928802,0.000999999999999997,25.178333221000003
31,0.012424343638357363,0.012876898050308228,0.8283975534141064,0.0009476640437570542,25.96060007899996
32,0.012238433477204097,0.012978099286556244,0.8277500979602337,0.0008954715367323439,26.729851947000043
33,0.01192328977498569,0.012469492852687836,0.7947336882352829,0.0008435655349597659,27.512787072000037
34,0.011811784351813166,0.012313848361372948,0.7721978705376387,0.0007920883091822375,28.274630427000147
35,0.01157152426062446,0.012108796276152134,0.7668942213058472,0.000741180954897476,29.077665727000067
36,0.011398055728642564,0.011682660318911076,0.7571307476609945,0.0006909830056250498,29.851418878000004
37,0.011204364590895804,0.011735422536730766,0.7620101794600487,0.0006416320504546956,30.613404285000115
38,0.011017822569765542,0.011663584038615227,0.7792521733790636,0.000593263356924196,31.38331931400012
39,0.010870624156374681,0.011685885488986969,0.8014724589884281,0.0005460095002604505,32.17693083400013
40,0.010687785619262018,0.011236017569899559,0.7355288602411747,0.000499999999999998,32.93258149899998
41,0.010496715636159244,0.011249786242842674,0.7222700398415327,0.00045536096498497114,33.70321580099994
42,0.010330730804722561,0.01085674948990345,0.719134509563446,0.0004122147477075247,34.47315929499996
43,0.010204921912833264,0.010798743925988674,0.7336544804275036,0.00037067960895015994,35.24263314199993
44,0.010059947084517856,0.010638208128511906,0.7054307498037815,0.00033086939364113956,36.01432040100008
45,0.00993946748030813,0.010555882006883621,0.7068544626235962,0.00029289321881344996,36.79900288299996
46,0.009825679231238992,0.010454349219799042,0.6970634683966637,0.0002568551745226037,37.57975698500013
47,0.009698105974965975,0.01041005365550518,0.6878762971609831,0.00022285403854302704,38.39452909800002
48,0.009612076971483858,0.010366679169237614,0.7073219399899244,0.0001909830056250507,39.18833295500008
49,0.009516621970189244,0.010226339101791382,0.6914061028510332,0.00016132943205457442,40.076097552999954
50,0.009446424599227152,0.01014941930770874,0.6899412721395493,0.00013397459621556043,40.87997696799994
51,0.009352708815273485,0.010049593634903431,0.6854165811091661,0.00010899347581163137,41.687957219000054
52,0.00930013028579323,0.01006161980330944,0.6769255269318819,8.645454235739833e-05,42.45525082900008
53,0.009236910598529012,0.009979847818613052,0.6828731391578913,6.641957350279778e-05,43.22301498799993
54,0.00918568805385577,0.009984742850065231,0.6799508817493916,4.8943483704846124e-05,43.99307207700008
55,0.009139640420832132,0.00990520790219307,0.681730592623353,3.407417371093155e-05,44.80216259400004
56,0.00910654686407039,0.00990317389369011,0.678877392783761,2.1852399266194183e-05,45.60769608800001
57,0.009079387056749119,0.009900304488837719,0.6786372512578964,1.2311659404862264e-05,46.37659932700012
58,0.009059019758120963,0.009880819357931614,0.6786176934838295,5.478104631726683e-06,47.14878938400011
59,0.009043602550814026,0.009882137179374695,0.6779479794204235,1.3704652454261608e-06,47.923892799999976
60,0.00903526677952001,0.009883140213787556,0.6777669303119183,0.0,48.72599031699997
