update,steps,difficulty,lambda,return,cost,success,collision,length,episodes,kl,clipfrac,v_loss,c_loss,std,lr_actor,fps,minutes
1,2048,0.0,0.115,10.621249146572591,1.3,0.9,0.0,91.5,20,0.0,0.0,0.9503343924880028,0.48007048647850753,0.201896533370018,0.0,591.2681722459314,0.0577330062333355
2,4096,0.02048,0.07250000000000001,12.177277586682123,0.15,0.95,0.05,91.2,20,0.0,0.0,1.067498823441565,0.08955036299303173,0.201896533370018,0.0,625.6570946070032,0.11230122820000664
3,6144,0.04096,0.059342105263157904,11.00976195361083,0.7368421052631579,0.6842105263157895,0.10526315789473684,114.36842105263158,19,0.0,0.0,0.6045724600553513,0.13430282464250923,0.201896533370018,0.0,595.0298581349603,0.16967461330000333
4,8192,0.06144,0.024342105263157908,10.446482094087978,0.3,0.75,0.1,98.25,20,0.0,0.0,0.341600601375103,0.03248255822691135,0.201896533370018,0.0,557.797470905277,0.23087957298333397
5,10240,0.08192,0.03624686716791982,9.897903675869168,1.2380952380952381,0.6666666666666666,0.14285714285714285,106.14285714285714,21,0.0,0.0,0.27094095083884895,0.2067554998677224,0.201896533370018,0.0,441.80896680376424,0.30814670615000067
6,12288,0.1024,0.0,12.775817616725488,0.15,0.95,0.05,104.25,20,0.0,0.0,0.25102842948399484,0.041560428723460066,0.201896533370018,0.0,355.5033097152017,0.40417314721667025
7,14336,0.12288,0.05476190476190477,9.864347991521086,2.0952380952380953,0.7142857142857143,0.19047619047619047,94.33333333333333,21,0.0,0.0,0.20283043901436032,0.4103151235729456,0.201896533370018,0.0,434.4697594774762,0.48274975848333573
8,16384,0.14336,0.004761904761904766,10.726824247617685,0.0,0.8235294117647058,0.0,106.29411764705883,17,0.0,0.0,0.19678303706459702,0.19924613228067756,0.201896533370018,0.0,545.494170395106,0.5453325437166768
9,18432,0.16384,0.038972431077694235,10.487439892238347,1.6842105263157894,0.7894736842105263,0.0,119.78947368421052,19,0.0,0.0,0.17402679095976054,0.2402445885585621,0.201896533370018,0.0,603.41424158483,0.6019077416000073
10,20480,0.18432,0.0,10.411295066461856,0.0,0.7368421052631579,0.0,116.15789473684211,19,0.0,0.0,0.11739392697345466,0.06217549560824409,0.201896533370018,0.0,619.692659727915,0.6569971678666662
11,22528,0.2048,0.0,10.750895892654135,0.09090909090909091,0.8636363636363636,0.045454545454545456,90.45454545454545,22,0.006647722169873305,0.09462890625,0.11008286271244287,0.02871020953753032,0.20172743499279022,8.873600000000001e-05,618.2004860912473,0.7124583061666726
12,24576,0.22528,0.0,11.54032808184785,0.0,0.8125,0.0,118.25,16,0.004755087819648907,0.061328125,0.12436184620019049,0.026628692127997056,0.201645627617836,8.7712e-05,560.415378017498,0.7733747972333428
13,26624,0.24576,0.0,10.606955729429755,0.1,0.85,0.0,105.3,20,0.004619236444705166,0.062646484375,0.10690023633651435,0.012875117364455946,0.20144782960414886,8.668800000000001e-05,587.0381217953168,0.8315270135999981
14,28672,0.26624,0.0,11.838532800255704,0.4,0.9,0.0,105.75,20,0.00562462103262078,0.077685546875,0.0948576042894274,0.06634469070704654,0.20117680728435516,8.566400000000001e-05,655.0771280534218,0.8836415000166653
15,30720,0.28672,0.0,11.463485759775883,0.0,0.8947368421052632,0.0,95.36842105263158,19,0.005039775077602826,0.0685546875,0.09057819319423288,0.012121306380140594,0.20137415826320648,8.464e-05,637.8253164455024,0.9371661845333317
16,32768,0.3072,0.0,9.589100378505666,0.2608695652173913,0.8260869565217391,0.043478260869565216,94.82608695652173,23,0.004969313522451557,0.061865234375,0.2872567297425121,0.03368622753769159,0.20122656226158142,8.361600000000001e-05,575.6233299193487,0.9964720468666656
17,34816,0.32768,0.0,7.823967279185632,0.0,0.6,0.0,120.73333333333333,15,0.0060219944454729555,0.084033203125,0.11633741431869567,0.01343355120625347,0.20139281451702118,8.2592e-05,511.6042167108078,1.0632085913500002
18,36864,0.34816,0.0,12.425355745451531,0.0,0.7894736842105263,0.0,130.10526315789474,19,0.004462541415705346,0.0580078125,0.14355928481090813,0.0088741867832141,0.20127005875110626,8.1568e-05,597.1827134520111,1.1203755745833406
19,38912,0.36864,0.0,10.82534399756367,0.8947368421052632,0.7894736842105263,0.10526315789473684,101.73684210526316,19,0.005383139502373524,0.07080078125,0.15383744067512453,0.07412916651228443,0.20093099772930145,8.054399999999999e-05,572.6601446576065,1.179991236666668
20,40960,0.38912,0.0,10.02793518795578,0.25,0.6875,0.0625,126.75,16,0.005855074655846693,0.080322265625,0.1522097812499851,0.01765824744361453,0.20075754821300507,7.952000000000001e-05,581.9480246727624,1.238656242850008
21,43008,0.4096,0.0,11.029732694761254,0.25,0.8,0.05,102.65,20,0.004753178515238687,0.06279296875,0.1235216501634568,0.034820485112140885,0.20064572989940643,7.8496e-05,521.0737179694504,1.3043085806666719
22,45056,0.43008,0.0,8.730595805985732,0.3125,0.625,0.0625,120.6875,16,0.005198069559992291,0.06826171875,0.15264567625708877,0.03081940405536443,0.20043860375881195,7.7472e-05,533.0032108545203,1.3683580020833384
23,47104,0.45056,0.008823529411764707,9.353739705315908,1.1764705882352942,0.5882352941176471,0.17647058823529413,121.70588235294117,17,0.005249984285910614,0.07119140625,0.21417388254776598,0.11698556928895414,0.2003154456615448,7.644800000000001e-05,544.8134667758275,1.4310242906833386
24,49152,0.47104,0.0,8.553883174028371,0.16666666666666666,0.6666666666666666,0.05555555555555555,110.16666666666667,18,0.0043284329294692725,0.0541015625,0.16224802336655558,0.023108897818019614,0.20029208064079285,7.5424e-05,543.2654498006788,1.4938731734666666
25,51200,0.49152,0.0,10.023981528203038,0.1875,0.625,0.0625,126.5,16,0.0053269590338459235,0.070703125,0.11680147189181297,0.0197428423067322,0.20033320784568787,7.44e-05,466.5641606828004,1.5670433347333377
26,53248,0.512,0.0,10.764451193148087,0.15,0.85,0.05,109.6,20,0.005355719721410424,0.06962890625,0.14821613165549935,0.012965128288487903,0.19998733699321747,7.3376e-05,562.1687597633687,1.7974971076499968
27,55296,0.53248,0.0,9.07673582555066,0.0,0.5714285714285714,0.0,138.85714285714286,14,0.0066151290375273675,0.096435546875,0.18233194784261286,0.007598065215279348,0.1997559517621994,7.2352e-05,546.6465765970819,1.8599466916833383
28,57344,0.55296,0.0,10.813413050602435,0.0,0.6666666666666666,0.0,129.2,15,0.0054692255420377475,0.07392578125,0.12078320311848074,0.007441743620438502,0.19960394501686096,7.1328e-05,539.245005553374,1.9232536164666727
29,59392,0.57344,0.0,9.44826083101689,0.0,0.6666666666666666,0.0,125.22222222222223,18,0.004698753144475631,0.059619140625,0.09270280625205488,0.00644181601528544,0.19931910932064056,7.030400000000001e-05,541.5383399396808,1.9863026636166674
30,61440,0.59392,0.0,10.951189191696594,0.6875,0.8125,0.0,121.1875,16,0.005745253546047024,0.08115234375,0.12663774532265962,0.09181583401514218,0.1990746557712555,6.928000000000001e-05,533.5020976912857,2.050292441449998
31,63488,0.6144,0.0,10.837041092077396,1.0,0.8125,0.0625,125.125,16,0.005019701793207787,0.068212890625,0.13196753109805287,0.16464022581931204,0.19894923269748688,6.8256e-05,527.1265448331576,2.115170113233338
32,65536,0.63488,0.0,9.24454341404154,0.0,0.5384615384615384,0.0,153.84615384615384,13,0.005204430790035986,0.069921875,0.08776203161105514,0.017873746791156008,0.19896838068962097,6.723200000000001e-05,556.5699898162736,2.1765085531500064
33,67584,0.65536,0.0,9.181024997089327,0.2,0.5333333333333333,0.06666666666666667,147.73333333333332,15,0.004794854242936708,0.060400390625,0.12073850005399436,0.022825054184067994,0.19883787631988525,6.6208e-05,565.2218636775128,2.236910158983331
34,69632,0.67584,0.0033333333333333327,8.030962865310787,1.0666666666666667,0.4666666666666667,0.13333333333333333,141.0,15,0.0049246050737565385,0.064453125,0.1613531188108027,0.1498957374249585,0.19871659576892853,6.5184e-05,521.5798312022603,2.302361042366662
35,71680,0.69632,0.006111111111111112,9.541196272162761,1.0555555555555556,0.6666666666666666,0.16666666666666666,112.55555555555556,18,0.005263353890040889,0.069482421875,0.22099800687283278,0.13014221247285604,0.19854307174682617,6.416e-05,547.1026863716463,2.364758491216662
36,73728,0.7168,0.0,9.837384148289566,0.0,0.45454545454545453,0.0,163.36363636363637,11,0.0044004162919009104,0.056201171875,0.17519256216473877,0.035040682670660316,0.19838115572929382,6.3136e-05,531.8984756944063,2.4289404185333296
37,75776,0.73728,0.0,7.860777966020408,0.6923076923076923,0.38461538461538464,0.07692307692307693,162.92307692307693,13,0.004652658579288982,0.062109375,0.16835484686307609,0.054034995986148714,0.1983141005039215,6.2112e-05,510.60399578278276,2.4957989203999964
38,77824,0.75776,0.0,10.296259124780217,0.7894736842105263,0.6842105263157895,0.05263157894736842,126.10526315789474,19,0.00380512380215805,0.04423828125,0.18796157464385033,0.07336176021490246,0.19810913503170013,6.1088e-05,498.4407504103746,2.564288195766676
39,79872,0.77824,0.0,8.893711570337821,0.875,0.5625,0.125,125.375,16,0.0036270057724323125,0.042529296875,0.20001337267458438,0.058250615216093135,0.19817395508289337,6.0064000000000006e-05,494.2252320332769,2.6333701869666735
40,81920,0.79872,0.0,9.948850744513505,0.6428571428571429,0.7142857142857143,0.07142857142857142,123.85714285714286,14,0.0032217571861110628,0.03232421875,0.13459194242022932,0.2074167186859995,0.19801576435565948,5.9040000000000004e-05,544.546706906662,2.696060602233335
41,83968,0.8192,0.02857142857142857,8.826138327031407,1.5714285714285714,0.5714285714285714,0.0,165.57142857142858,14,0.003480384685099125,0.03701171875,0.16301359250210226,0.09012517436640337,0.19772516191005707,5.8016e-05,523.5932307548536,2.7614074032666696
42,86016,0.83968,0.025939849624060145,8.887400023380339,0.9473684210526315,0.6842105263157895,0.15789473684210525,102.6842105263158,19,0.004755181563086808,0.060986328125,0.1348173485137522,0.09128796245204285,0.19754661619663239,5.6992e-05,543.4787556989174,2.824223388666663
43,88064,0.86016,0.0,10.943774556605073,0.0,0.7692307692307693,0.0,133.0,13,0.0053457949572475625,0.073095703125,0.12254655198194087,0.024635889538330957,0.19761864840984344,5.5968e-05,531.0731552729077,2.8885088402833388
44,90112,0.88064,0.0,7.74463920894659,0.23529411764705882,0.5294117647058824,0.058823529411764705,130.52941176470588,17,0.0039461513224523515,0.045458984375,0.1189218564890325,0.019788420823169874,0.1976386308670044,5.4943999999999994e-05,501.92445531688315,2.9565261200166635
45,92160,0.90112,0.0,8.721504435190447,0.13333333333333333,0.5333333333333333,0.0,143.26666666666668,15,0.004383383772801608,0.05576171875,0.11623875997029245,0.01527389741386287,0.19748826324939728,5.3920000000000006e-05,445.1396522122719,3.033217383083335
46,94208,0.9216,0.0,9.083263104929882,0.7333333333333333,0.6,0.0,133.46666666666667,15,0.004329940001480281,0.05654296875,0.11054092571139336,0.12055494202068076,0.19755227863788605,5.2896e-05,513.4679955000485,3.099702082983337
47,96256,0.94208,0.0,7.669319578820839,0.2,0.4,0.06666666666666667,144.53333333333333,15,0.004670805140631273,0.05927734375,0.15437444169074296,0.09212450030026957,0.19738756120204926,5.187200000000001e-05,516.8318923716845,3.165753306016662
48,98304,0.96256,0.2142857142857143,7.144735285193339,5.285714285714286,0.2857142857142857,0.2857142857142857,136.0,14,0.004830648345523514,0.06328125,0.16979197040200233,0.9629523884505033,0.19752049446105957,5.0848000000000005e-05,492.8164271793492,3.2350232543666757
49,100352,0.98304,0.1767857142857143,8.012626277567717,0.25,0.5,0.0625,138.0,16,0.0034598442260175945,0.038330078125,0.20338177769444882,0.05393491480499506,0.19751191139221191,4.9824e-05,489.1897130242392,3.3048068139166693
50,102400,1.0,0.14821428571428572,7.6717216801087655,0.42857142857142855,0.5,0.07142857142857142,138.07142857142858,14,0.0030826374219032004,0.033447265625,0.13329046468716116,0.07160353431245312,0.19724147021770477,4.88e-05,491.43066718289487,3.374274530466664
51,104448,1.0,0.09821428571428571,8.028499056356008,0.0,0.6428571428571429,0.0,142.92857142857142,14,0.004052374459570273,0.05,0.24741200525313617,1.603052819892764,0.19721268117427826,4.7776e-05,489.79796424223,3.572750144583339
52,106496,1.0,0.2950892857142857,8.190681667381025,4.9375,0.5625,0.0,138.5625,16,0.003820711554726586,0.0435546875,0.10185658123809845,0.6952829297631979,0.1973240077495575,4.675200000000001e-05,501.3057822333422,3.640850325250009
53,108544,1.0,0.2669642857142857,8.326552260641439,0.4375,0.625,0.0625,125.25,16,0.0032461368187796324,0.034033203125,0.16006916519254447,0.07326587432762607,0.1972176879644394,4.572800000000001e-05,487.9359902752571,3.7108175072833394
54,110592,1.0,0.21696428571428572,6.029813271068459,0.0,0.46153846153846156,0.0,171.3846153846154,13,0.0031671640579588713,0.03115234375,0.19463455961085857,0.027229320316109806,0.19717690348625183,4.4704000000000004e-05,481.54241390914274,3.781708984533331
55,112640,1.0,0.16696428571428573,10.438495774943952,0.0,0.5833333333333334,0.0,155.33333333333334,12,0.0034708635590504854,0.040869140625,0.17895730244927108,0.029060738673433662,0.19713094830513,4.368e-05,554.0185993934376,3.8433285710666647
56,114688,1.0,0.22529761904761905,10.429017698552633,2.1666666666666665,0.6666666666666666,0.08333333333333333,160.08333333333334,12,0.002825942178606056,0.029443359375,0.21296123168431222,0.4120197947602719,0.19704054296016693,4.2656000000000006e-05,496.45751949129954,3.9120916062166695
57,116736,1.0,0.17529761904761904,8.84020949177733,0.0,0.42857142857142855,0.0,157.35714285714286,14,0.0030154589680023492,0.0314453125,0.15302760074846447,0.03769599163206294,0.19685328006744385,4.1632000000000004e-05,548.2225841639972,3.9743615693333294
58,118784,1.0,0.14613095238095236,9.365764106730817,0.4166666666666667,0.5,0.0,159.0,12,0.003053563105640933,0.03349609375,0.17151490882970394,0.06763659877469763,0.1968420445919037,4.0608e-05,501.61716733317166,4.042420044050004
59,120832,1.0,0.12738095238095237,8.605781863956981,0.625,0.625,0.0625,132.5,16,0.00305636553093791,0.031884765625,0.18277900544926523,0.1043799664475955,0.1969301849603653,3.9584e-05,477.19535331781736,4.113968284983335
60,122880,1.0,0.12023809523809523,9.374031548643131,0.8571428571428571,0.5,0.14285714285714285,145.92857142857142,14,0.0024007797124795615,0.02197265625,0.223850696766749,0.0862236250191927,0.1969677060842514,3.856000000000001e-05,463.01349830395884,4.187700038233333
61,124928,1.0,0.07023809523809522,9.04315309945104,0.0,0.6153846153846154,0.0,135.53846153846155,13,0.002291172431432642,0.01884765625,0.1838390021584928,0.026384156750282273,0.19697673618793488,3.7536e-05,515.0461452714524,4.254091361200001
62,126976,1.0,0.07023809523809522,8.704072607098086,1.0,0.5294117647058824,0.11764705882352941,140.88235294117646,17,0.002433749460033141,0.021826171875,0.17158485855907202,0.16890308405272664,0.19688823819160461,3.6512e-05,527.5800763106471,4.318796749549999
63,129024,1.0,0.02023809523809522,8.766204504730013,0.0,0.6875,0.0,126.0625,16,0.003024029062362388,0.034814453125,0.19657622147351503,0.02327848337008618,0.1969260722398758,3.5487999999999996e-05,516.0675681944335,4.384946147983343
64,131072,1.0,0.0,8.835804367323426,0.3333333333333333,0.5333333333333333,0.06666666666666667,139.86666666666667,15,0.0023998322518309577,0.021533203125,0.1293083406519145,0.03389795188559219,0.19692882895469666,3.4463999999999994e-05,502.5030009396895,4.452881976966667
65,133120,1.0,0.0,9.338339185745554,0.8571428571428571,0.7142857142857143,0.07142857142857142,124.78571428571429,14,0.0022542003134731203,0.020751953125,0.13899381845258177,0.14004959819139912,0.19684834778308868,3.3440000000000005e-05,454.72676796279876,4.527966463716666
66,135168,1.0,0.0,7.672471732665296,0.0,0.4,0.0,158.73333333333332,15,0.00200817025906872,0.017822265625,0.15483963668812067,0.02230820815311745,0.19677864015102386,3.2416e-05,490.62340938707183,4.597546456249999
67,137216,1.0,0.0,5.3277412927733465,0.2857142857142857,0.35714285714285715,0.07142857142857142,143.64285714285714,14,0.002347697244840674,0.0234375,0.1924189674202353,0.025597000727429986,0.19674383103847504,3.1392e-05,403.6747653164801,4.682111727283337
68,139264,1.0,0.0,8.45227870254655,0.4666666666666667,0.6,0.06666666666666667,132.06666666666666,15,0.001753964225645177,0.012158203125,0.16691391859203578,0.07003383203409612,0.19668512046337128,3.0367999999999998e-05,223.13773078797922,4.835089468100008
69,141312,1.0,0.0,7.054934060387506,0.4375,0.375,0.125,134.5625,16,0.0017916549724759534,0.01328125,0.14218777588102965,0.03247344015398994,0.1966179758310318,2.9344000000000006e-05,339.65381101745294,4.935591966500002
70,143360,1.0,0.0,7.924752794595587,0.0,0.5384615384615384,0.0,143.30769230769232,13,0.0015431547624757513,0.01015625,0.12954412610270083,0.014618674869416282,0.19665169715881348,2.8320000000000003e-05,461.5990389571453,5.009545935450008
71,145408,1.0,0.0,8.396176159017838,0.2857142857142857,0.5714285714285714,0.0,155.85714285714286,14,0.001652581527014263,0.0109375,0.18723541419021786,0.03120312241371721,0.1964942365884781,2.7296e-05,459.214735317954,5.0840765232666705
72,147456,1.0,0.04000000000000001,8.888421430815566,1.8,0.3,0.0,175.0,10,0.0015365481958724558,0.009912109375,0.17184365778230132,0.48202638486400246,0.19642500579357147,2.6271999999999995e-05,521.4858706179773,5.1495376054499955
73,149504,1.0,0.0,7.183827297619989,0.0,0.42857142857142855,0.0,161.07142857142858,14,0.0016492669470608234,0.011962890625,0.16785010509192944,0.03209844612283632,0.19640108942985535,2.5248000000000006e-05,534.4215030529405,5.2134153996833295
74,151552,1.0,0.0,9.982840047226398,0.0,0.5454545454545454,0.0,164.9090909090909,11,0.0012610524630872534,0.00625,0.1709534205496311,0.016548986034467816,0.1963881552219391,2.4224000000000004e-05,512.7596133718938,5.2799918529833425
75,153600,1.0,0.0,7.628470909392474,0.9285714285714286,0.35714285714285715,0.07142857142857142,168.21428571428572,14,0.0016876923909876496,0.0109375,0.26169196851551535,0.21357982382178306,0.19630873203277588,2.3199999999999998e-05,491.6692123232565,5.349422496366667
76,155648,1.0,0.01428571428571429,8.731486195825743,1.2857142857142858,0.35714285714285715,0.14285714285714285,144.28571428571428,14,0.0009213160490617156,0.0029296875,0.23345789844170212,0.2222559563582763,0.19629348814487457,2.2175999999999996e-05,506.82335779280214,5.58666916081667
77,157696,1.0,0.0,9.677806331194827,0.0,0.6153846153846154,0.0,157.0,13,0.0007426127413054928,0.001513671875,0.19424723316915332,0.02872919647488743,0.19635231792926788,2.1152000000000003e-05,473.3637220099971,5.658796798683337
78,159744,1.0,0.0,11.663427682112617,0.0,0.7692307692307693,0.0,136.15384615384616,13,0.0013368455023737625,0.00712890625,0.19529528063721954,0.022312163945753128,0.1963198333978653,2.0128e-05,464.34639176098733,5.732314323166672
79,161792,1.0,0.0,8.740328692803889,0.0,0.6153846153846154,0.0,171.46153846153845,13,0.0007839584781322628,0.002783203125,0.21136997183784842,0.018580043368274346,0.19630815088748932,1.9104e-05,536.2584094309404,5.795976209233337
80,163840,1.0,0.0,9.530571056318221,0.6875,0.5625,0.0625,137.25,16,0.0007647307385923341,0.001806640625,0.19720271178521215,0.10658161138417199,0.19623447954654694,1.8079999999999996e-05,567.9079517377618,5.85609209130001
81,165888,1.0,0.08076923076923077,10.368178756129579,2.6153846153846154,0.6153846153846154,0.0,141.6153846153846,13,0.000976595567772165,0.004052734375,0.2663016212172806,1.2318705562502146,0.1961965411901474,1.7056000000000004e-05,524.4282446988901,5.92130541153333
82,167936,1.0,0.0741025641025641,7.131414669453282,0.8666666666666667,0.4,0.06666666666666667,149.06666666666666,15,0.000683576226583682,0.002099609375,0.21348521085456013,0.16490457823965698,0.19621647894382477,1.6032e-05,504.199498549573,5.989010689133329
83,169984,1.0,0.03880844645550528,8.63281003578299,0.29411764705882354,0.6470588235294118,0.058823529411764705,123.58823529411765,17,0.0006365051580360159,0.001220703125,0.20822620582766832,0.09856776325032116,0.1962209790945053,1.5008e-05,516.9637870258944,6.055046460349998
84,172032,1.0,0.08047511312217195,7.173647941722955,1.8333333333333333,0.4166666666666667,0.0,162.75,12,0.0005785338318673894,0.00126953125,0.26677405619993805,0.5160075296647847,0.196173295378685,1.3983999999999997e-05,451.9300891003557,6.1305846836
85,174080,1.0,0.10774784039489922,8.54324287881399,1.5454545454545454,0.2727272727272727,0.09090909090909091,167.72727272727272,11,0.00048240828327834607,0.00029296875,0.25237002363428473,0.37904081917367877,0.19615817070007324,1.2960000000000005e-05,486.1694392117875,6.200802729716664
86,176128,1.0,0.05774784039489922,11.035666460252893,0.0,0.7058823529411765,0.0,140.47058823529412,17,0.00028740227862726896,9.765625e-05,0.375218197889626,0.07715177310165018,0.1961807757616043,1.1936000000000002e-05,551.4966335354811,6.262703231233339
87,178176,1.0,0.16489069753775637,8.954660507736511,3.142857142857143,0.5,0.14285714285714285,133.92857142857142,14,0.00043338372779544443,0.000244140625,0.45264686830341816,1.634164122864604,0.19616474211215973,1.0912e-05,493.74304499901865,6.331842852933338
88,180224,1.0,0.16846212610918493,8.139590918964096,1.0714285714285714,0.42857142857142855,0.14285714285714285,163.21428571428572,14,0.00019133139576297254,0.0,0.3293846700340509,0.42765915105119345,0.1961505264043808,9.887999999999997e-06,352.3572037118741,6.428726464549997
89,182272,1.0,0.11846212610918493,7.685246434403506,0.0,0.4166666666666667,0.0,153.66666666666666,12,0.0002636280667502433,9.765625e-05,0.2935369512066245,0.7642817903310061,0.19612658023834229,8.864000000000005e-06,387.6331699938561,6.516794430900003
90,184320,1.0,0.16596212610918493,8.120621267414979,1.95,0.65,0.1,108.45,20,0.00012953835248481483,0.0,0.464988493360579,0.3561453877016902,0.19611184298992157,7.840000000000003e-06,375.49436597234626,6.607707715450003
91,186368,1.0,0.15057751072456954,7.90478080182482,0.6923076923076923,0.38461538461538464,0.15384615384615385,140.76923076923077,13,0.00013288156478665769,0.0,0.3687301386147738,0.12994734793901444,0.19609609246253967,6.8160000000000005e-06,476.084295046338,6.679561980166667
92,188416,1.0,0.18272036786742668,7.429286155133468,1.6428571428571428,0.5,0.07142857142857142,149.0,14,9.323992999270559e-05,0.0,0.34821618888527156,1.3691367311403155,0.19610978662967682,5.791999999999997e-06,486.90026342375,6.749673394116674
93,190464,1.0,0.14660925675631556,10.46920390720382,0.2777777777777778,0.7222222222222222,0.05555555555555555,118.61111111111111,18,4.664683947339654e-05,0.0,0.39797022845596075,0.13793450845405458,0.19609738886356354,4.767999999999995e-06,525.0823937090079,6.814687605566663
94,192512,1.0,0.09660925675631556,8.19229560121915,0.0,0.625,0.0,130.9375,16,4.550844896584749e-05,0.0,0.3450404699891806,0.13611069107428192,0.19609425961971283,3.744000000000003e-06,500.00842091817486,6.882964133466673
95,194560,1.0,0.06131513910925673,9.818651474202662,0.29411764705882354,0.7058823529411765,0.0,123.29411764705883,17,2.166573831345886e-05,0.0,0.40854354966431855,0.07999359392561019,0.19608113169670105,2.7200000000000002e-06,524.9389339537921,6.947995945399998
96,196608,1.0,0.04345799625211388,7.560436987748597,0.6428571428571429,0.5,0.07142857142857142,130.21428571428572,14,5.884506390430033e-06,0.0,0.42055429704487324,0.26852223416790366,0.19607707858085632,1.6959999999999976e-06,484.26469996932417,7.018492022933333
97,198656,1.0,0.0,8.798981394084864,0.0,0.625,0.0,124.8125,16,1.1132564395666122e-06,0.0,0.5180766228586435,0.11957981754094363,0.19607684016227722,6.719999999999949e-07,462.7750889434002,7.0922579589833425
98,200704,1.0,0.178125,8.58375469104725,4.5625,0.5,0.125,136.125,16,0.0,0.0,0.5000997584313154,3.1924162074923514,0.19607684016227722,0.0,506.8608810124575,7.159613240583334
