step,loss,reach,coll,smooth,lr,seconds,val_loss,val_reach_median_cm,val_reach_lt_2cm,val_pred_collision
1,107.6973648071289,1.0757339000701904,1.017698014038615e-05,1.138004183769226,0.0002999999925977967,0.029149380000035308,,,,
50,43.05569076538086,0.42911863327026367,8.8977112682187e-06,1.3492860794067383,0.00029998149487224914,1.1351745020001545,,,,
100,18.83001708984375,0.18646381795406342,3.3390567750757327e-06,1.8029649257659912,0.0002999259840548596,2.1835892820001845,,,,
150,13.270370483398438,0.1306171715259552,5.306637831381522e-05,1.5558756589889526,0.00029983348124429523,3.231033817000025,,,,
200,7.8710150718688965,0.07635851949453354,7.420340261887759e-05,1.6095949411392212,0.00029970400926424055,4.284673084000133,,,,
250,5.357253551483154,0.05131851136684418,7.370566891040653e-05,1.516968011856079,0.000299537600059969,5.358584997999969,,,,
300,4.815465927124023,0.045962315052747726,6.236909393919632e-05,1.5686554908752441,0.0002993342946904618,6.397082838000188,,,,
350,3.9885575771331787,0.036997418850660324,0.00012500063166953623,1.6381491422653198,0.0002990941433182771,7.418028135999975,,,,
400,2.444768190383911,0.0216719601303339,0.0001263967133127153,1.5117558240890503,0.0002988172051971718,8.53440673099999,,,,
450,2.630680799484253,0.02385072596371174,9.489354124525562e-05,1.5071470737457275,0.00029850354865748396,9.626405404000025,,,,
500,2.6811861991882324,0.02438395842909813,9.026326006278396e-05,1.5252705812454224,0.0002981532510892709,10.875490305000085,2.5661709308624268,8.291767537593842,0.03125,0.13671875
550,2.297062873840332,0.02066229097545147,8.444434934062883e-05,1.4638941287994385,0.0002977663989232162,11.797680804000038,,,,
600,1.8940695524215698,0.01661681942641735,8.049911411944777e-05,1.5188847780227661,0.00029734308760930354,12.697063808000166,,,,
650,1.6744598150253296,0.014380591921508312,8.69313080329448e-05,1.4946929216384888,0.000296883421593265,13.626266095000119,,,,
700,2.0101895332336426,0.01778319850564003,8.212935063056648e-05,1.4974045753479004,0.0002963875142908124,14.524091589000136,,,,
750,1.5067106485366821,0.01293556485325098,6.715157360304147e-05,1.4600269794464111,0.0002958554880596517,15.44271307200006,,,,
800,1.667881727218628,0.014339630492031574,7.81788767199032e-05,1.557397723197937,0.00029528747416929485,16.39252844700013,,,,
850,1.4996213912963867,0.012885366566479206,6.895161641295999e-05,1.4213311672210693,0.00029468361276867023,17.347006472999965,,,,
900,1.0685967206954956,0.008667688816785812,6.148757529444993e-05,1.4034028053283691,0.000294044052851542,18.219603759000165,,,,
950,1.3153554201126099,0.011114578694105148,5.318764306139201e-05,1.507099986076355,0.0002933689522197501,19.144680749000145,,,,
1000,1.4219872951507568,0.01207144558429718,6.207198021002114e-05,1.527707576751709,0.00029265847744427384,20.030998350000118,1.2834254503250122,4.550796747207642,0.115234375,0.09375
1050,1.486233115196228,0.012625746428966522,7.431804988300428e-05,1.4934042692184448,0.0002919128038241326,20.91549999100016,,,,
1100,1.3740954399108887,0.011581208556890488,6.817799294367433e-05,1.4779659509658813,0.00029113211534313445,21.77104711700008,,,,
1150,0.9963034987449646,0.008032292127609253,4.968698704033159e-05,1.433873176574707,0.00029031660462448073,22.63302555400014,,,,
1200,1.0148906707763672,0.008278246968984604,4.628950046026148e-05,1.4077650308609009,0.0002894664728832382,23.517130036000026,,,,
1250,0.8142220973968506,0.006135248579084873,6.056549318600446e-05,1.4013173580169678,0.00028858192987669354,24.45646237400001,,,,
1300,0.7954291105270386,0.0061342730186879635,3.886927879648283e-05,1.4313254356384277,0.00028766319385259767,25.393207383000117,,,,
1350,1.0408357381820679,0.00840743351727724,5.848791261087172e-05,1.4160444736480713,0.00028671049149531707,26.308366505000095,,,,
1400,0.8567081093788147,0.006685466039925814,4.366240318631753e-05,1.4449907541275024,0.0002857240578699031,27.237433336000095,,,,
1450,0.7990185022354126,0.006209773477166891,3.861412551486865e-05,1.394270896911621,0.00028470413636409226,28.210925956999972,,,,
1500,0.9349201321601868,0.007543738465756178,3.357500463607721e-05,1.4697126150131226,0.00028365097862825513,29.128709826999966,0.926215648651123,3.6074433475732803,0.189453125,0.06640625
1550,0.9438875317573547,0.007308111526072025,7.633618952240795e-05,1.3674012422561646,0.000282564844513304,30.04290577100005,,,,
1600,0.8048946857452393,0.006273774895817041,3.628756167017855e-05,1.4122965335845947,0.0002814460020065794,30.93669481300003,,,,
1650,0.8709865808486938,0.006762521807104349,4.274264210835099e-05,1.5199171304702759,0.0002802947271657285,31.85313330100007,,,,
1700,0.5991847515106201,0.004320067353546619,3.1221126846503466e-05,1.3595685958862305,0.0002791113040505913,32.774161995999975,,,,
1750,0.9270483255386353,0.007596759125590324,2.5549741621944122e-05,1.4182262420654297,0.00027789602465311367,33.64581766000015,,,,
1800,0.5524369478225708,0.0038144621066749096,3.134024882456288e-05,1.3965048789978027,0.00027664918882530203,34.552035652000086,,,,
1850,0.8958386778831482,0.00720879714936018,3.553632996045053e-05,1.39422607421875,0.00027537110420524036,35.48600362000002,,,,
1900,0.7121078372001648,0.005203040316700935,5.5628581321798265e-05,1.3617521524429321,0.00027406208614118397,36.39883585200005,,,,
1950,0.5587170720100403,0.0038706250488758087,3.369382829987444e-05,1.3796077966690063,0.00027272245761375335,37.30562750100012,,,,
2000,0.5900754332542419,0.004176280461251736,3.5186945751775056e-05,1.3726043701171875,0.00027135254915624206,38.23182371500002,0.6476147174835205,3.466615453362465,0.203125,0.03515625
2050,0.6155344843864441,0.00461319275200367,1.93255182239227e-05,1.348897099494934,0.0002699526987730635,39.21083856400014,,,,
2100,0.6571884155273438,0.004727427382022142,4.709675704361871e-05,1.3734893798828125,0.0002685232518563532,40.351346837000165,,,,
2150,0.5633379817008972,0.0038528081495314837,4.209222970530391e-05,1.359649419784546,0.00026706456110074905,41.27698927899996,,,,
2200,0.4911021590232849,0.003136669285595417,3.615936293499544e-05,1.412758708000183,0.0002655769864163679,42.235340077000046,,,,
2250,0.4217839539051056,0.0023228239733725786,4.385094507597387e-05,1.4565058946609497,0.0002640608948400042,43.167712086000165,,,,
2300,0.53929203748703,0.0037404033355414867,3.0941228033043444e-05,1.343104600906372,0.0002625166604445684,44.096952411000075,,,,
2350,0.44448959827423096,0.0027387812733650208,3.5628378100227565e-05,1.3498308658599854,0.0002609446642467909,44.993727816000046,,,,
2400,0.36586815118789673,0.0019846963696181774,3.1444014894077554e-05,1.3595447540283203,0.00025934529411321107,45.89001960600012,,,,
2450,0.37145206332206726,0.0020488284062594175,3.123634814983234e-05,1.3533287048339844,0.0002577189446644776,46.82989978800015,,,,
2500,0.3410192131996155,0.001701179426163435,3.265216219006106e-05,1.382490873336792,0.0002560660171779816,47.822440284000095,0.4807637929916382,2.253357879817486,0.40625,0.033203125
2550,0.3901519775390625,0.002349068643525243,2.0399809727678075e-05,1.3484530448913574,0.00025438691948884655,48.840256772999965,,,,
2600,0.3239784836769104,0.0015983948251232505,3.410517820157111e-05,1.3003382682800293,0.0002526820658893027,49.76583273599999,,,,
2650,0.4295123219490051,0.0027759226504713297,1.484958738728892e-05,1.3707048892974854,0.0002509518770264651,50.67885591900017,,,,
2700,0.45159995555877686,0.0028415133710950613,2.7995383788947947e-05,1.3945322036743164,0.0002491967797985469,51.609872860999985,,,,
2750,0.2642611563205719,0.0009899138240143657,2.4489734641974792e-05,1.4078004360198975,0.00024741720724952694,52.51992620600004,,,,
2800,0.3451820909976959,0.001644935691729188,3.9008948078844696e-05,1.4167957305908203,0.0002456135984623026,53.43105232000016,,,,
2850,0.3288603127002716,0.0016055037267506123,2.760354254860431e-05,1.4070639610290527,0.00024378639845035492,54.39994297300018,,,,
2900,0.3749372959136963,0.0020490069873631,3.2710711820982397e-05,1.3732585906982422,0.0002419360580479456,55.31467376399996,,,,
2950,0.2917178273200989,0.0011382263619452715,4.26210681325756e-05,1.352741003036499,0.00024006303379888174,56.210357234000185,,,,
3000,0.35491734743118286,0.0021750975865870714,1.1785740753111895e-05,1.2562181949615479,0.00023816778784387012,57.190318099000024,0.42114776372909546,2.398022450506687,0.373046875,0.033203125
3050,0.27050793170928955,0.0011699405731633306,2.186845085816458e-05,1.316454291343689,0.00023625078780649086,58.12977305800018,,,,
3100,0.36918526887893677,0.0019479981856420636,4.150345193920657e-05,1.328819751739502,0.00023431250667781876,59.1245349190001,,,,
3150,0.3079878091812134,0.0015467207413166761,2.2829470253782347e-05,1.3048624992370605,0.00023235342269971895,60.06567456700009,,,,
3200,0.44634902477264404,0.002870418131351471,2.3504133423557505e-05,1.358030915260315,0.00023037401924684868,60.97449785399999,,,,
3250,0.2932913601398468,0.001293842331506312,2.5728815671755e-05,1.3817830085754395,0.00022837478470739156,61.9373829860001,,,,
3300,0.3605189025402069,0.0018858123803511262,3.626289253588766e-05,1.3567477464675903,0.00022635621236255496,62.83973365300017,,,,
3350,0.30364519357681274,0.0014176575932651758,2.6875268304138444e-05,1.3500415086746216,0.00022431880026486036,63.76439238700004,,,,
3400,0.25607454776763916,0.0011623926693573594,8.931458069127984e-06,1.3090382814407349,0.00022226305111525655,64.71549146999996,,,,
3450,0.3522258400917053,0.001858447794802487,2.9862483643228188e-05,1.3651857376098633,0.00022018947213908532,65.69340737199991,,,,
3500,0.27882152795791626,0.001199186546728015,2.3589211195940152e-05,1.3531365394592285,0.0002180985749609312,66.67385996800022,0.343893438577652,1.922125369310379,0.533203125,0.025390625
3550,0.29420173168182373,0.0013916626339778304,2.781865441647824e-05,1.2721679210662842,0.00021599087547838656,67.69347190100007,,,,
3600,0.26431524753570557,0.0010113283060491085,3.0949471693020314e-05,1.3223296403884888,0.00021386689373476027,68.65655774600009,,,,
3650,0.27020829916000366,0.0011297932360321283,2.295855119882617e-05,1.34270441532135,0.0002117271537907658,69.67454687000009,,,,
3700,0.2882896363735199,0.001153084565885365,3.4442549804225564e-05,1.3853862285614014,0.00020957218359521666,70.65370738299998,,,,
3750,0.3573976159095764,0.0017973869107663631,3.237395139876753e-05,1.4528498649597168,0.00020740251485476305,71.72041242000023,,,,
3800,0.2575731873512268,0.0010969210416078568,2.0234238036209717e-05,1.2764685153961182,0.00020521868290270122,72.65974494700004,,,,
3850,0.2426118105649948,0.0008314523729495704,2.0201645384076983e-05,1.3926491737365723,0.00020302122656688822,73.56967005800016,,,,
3900,0.2167971134185791,0.0007408460369333625,7.334463134611724e-06,1.3537805080413818,0.00020081068803679336,74.53165225700013,,,,
3950,0.24158181250095367,0.000860069296322763,2.094910087180324e-05,1.3462578058242798,0.0001985876127297221,75.47765473000027,,,,
4000,0.27788349986076355,0.0012408395996317267,1.628428253752645e-05,1.375152587890625,0.00019635254915624175,76.43024610400016,0.32324907183647156,1.9312897697091103,0.5390625,0.025390625
4050,0.2586175203323364,0.001075423089787364,1.9862498447764665e-05,1.3121272325515747,0.00019410604878484532,77.40587871200023,,,,
4100,0.36851438879966736,0.0022440042812377214,9.80247750703711e-06,1.3431147336959839,0.00019184866590588411,78.37547158100006,,,,
4150,0.27831000089645386,0.0012879244750365615,1.9139391952194273e-05,1.3037816286087036,0.0001895809574948057,79.37270465000029,,,,
4200,0.23902291059494019,0.0007665847078897059,2.799323556246236e-05,1.3437120914459229,0.00018730348307472802,80.32996481300006,,,,
4250,0.30305784940719604,0.001524045947007835,1.854760557762347e-05,1.3210563659667969,0.00018501680457838556,81.27471463200027,,,,
4300,0.21685168147087097,0.000698601477779448,1.862401404650882e-05,1.2836750745773315,0.00018272148620948112,82.22536030099991,,,,
4350,0.21173310279846191,0.0006110331742092967,1.9096198229817674e-05,1.315335750579834,0.00018041809430347663,83.16837146500029,,,,
4400,0.2424299269914627,0.0009208478149957955,1.8409613403491676e-05,1.3193553686141968,0.00017810719718785854,84.0965181370002,,,,
4450,0.33460575342178345,0.0018081669695675373,2.034573844866827e-05,1.3344331979751587,0.00017578936504191112,85.04132405700011,,,,
4500,0.3009142279624939,0.001450990792363882,1.78875561687164e-05,1.3792760372161865,0.0001734651697560344,85.99113256700002,0.29645073413848877,2.015712298452854,0.49609375,0.021484375
4550,0.22625672817230225,0.0008537640096619725,1.0308640412404202e-05,1.3057167530059814,0.00017113518479063719,86.92292197899997,,,,
4600,0.3396344780921936,0.001883340417407453,1.6774796677054837e-05,1.3452563285827637,0.0001687999850346455,87.81477879000022,,,,
4650,0.2164725363254547,0.0007461110944859684,1.3327075976121705e-05,1.2853434085845947,0.00016646014666365662,88.81596913200019,,,,
4700,0.2530163526535034,0.001168876769952476,1.0134601325262338e-05,1.2599406242370605,0.00016411624699777703,89.80951054200023,,,,
4750,0.3610050678253174,0.002117839176207781,1.8467177142156288e-05,1.307539939880371,0.00016176886435917661,90.80039597199993,,,,
4800,0.23284879326820374,0.00084582349518314,1.9509792764438316e-05,1.2875664234161377,0.00015941857792939692,91.76138096400018,,,,
4850,0.24830013513565063,0.0010421030456200242,1.9538185370038263e-05,1.2455164194107056,0.0001570659676064464,92.70870882700001,,,,
4900,0.2578539252281189,0.0010700852144509554,1.9303881344967522e-05,1.315415382385254,0.00015471161386171922,93.78953894899996,,,,
4950,0.22734114527702332,0.0008904911228455603,9.901344128593337e-06,1.2839068174362183,0.00015235609759677306,94.75707396200005,,,,
5000,0.20161518454551697,0.0006369224865920842,8.342072760569863e-06,1.2958085536956787,0.00015000000000000001,95.70812276300012,0.2819746136665344,1.8634580075740814,0.546875,0.017578125
5050,0.24890246987342834,0.0011667626677080989,7.64072683523409e-06,1.2458548545837402,0.000147643902403227,96.700677585,,,,
5100,0.22495657205581665,0.0006428430788218975,2.905856308643706e-05,1.3161369562149048,0.00014528838613828092,97.696784536,,,,
5150,0.26763781905174255,0.0010090480791404843,3.5327822843100876e-05,1.314051866531372,0.0001429340323935536,98.70414223099988,,,,
5200,0.2697312831878662,0.0011498118983581662,1.9710500055225566e-05,1.3503957986831665,0.000140581422070603,99.72132755600023,,,,
5250,0.24916285276412964,0.0009623100631870329,1.8516693671699613e-05,1.344151496887207,0.00013823113564082325,100.69597020800029,,,,
5300,0.22645500302314758,0.0008751917630434036,1.4245820239011664e-05,1.246899962425232,0.00013588375300222272,101.67104968700005,,,,
5350,0.25872135162353516,0.0008927000453695655,3.6122131859883666e-05,1.3332922458648682,0.000133539853336343,102.56918161400017,,,,
5400,0.22423014044761658,0.0008337836479768157,1.1192785677849315e-05,1.2965898513793945,0.00013120001496535406,103.4906681450002,,,,
5450,0.20154374837875366,0.0005732504068873823,1.950300793396309e-05,1.247157096862793,0.00012886481520936233,104.49268534400017,,,,
5500,0.21601499617099762,0.0006469502695836127,2.3636464902665466e-05,1.2768349647521973,0.00012653483024396516,105.42953945099998,0.24457067251205444,1.5804851427674294,0.69921875,0.015625
5550,0.18813416361808777,0.0005022836267016828,1.1958365575992502e-05,1.2594743967056274,0.00012421063495808836,106.38432940700022,,,,
5600,0.23802398145198822,0.0009204043308272958,1.918368252518121e-05,1.2679985761642456,0.00012189280281214118,107.34252233899997,,,,
5650,0.24893918633460999,0.001099954592064023,1.1431777238612995e-05,1.275119423866272,0.00011958190569652303,108.30469162700001,,,,
5700,0.25523123145103455,0.0010824187193065882,1.5003200132923666e-05,1.319861650466919,0.00011727851379051856,109.25190224000016,,,,
5750,0.2286531776189804,0.0007131387246772647,2.633416988828685e-05,1.3100513219833374,0.00011498319542161417,110.1620874690002,,,,
5800,0.22389836609363556,0.00085404550191015,9.367932761961129e-06,1.2912588119506836,0.00011269651692527183,111.08327747300018,,,,
5850,0.250822514295578,0.0010431046830490232,1.4686544091091491e-05,1.318254828453064,0.00011041904250519404,112.03261273699991,,,,
5900,0.22652582824230194,0.0006587985553778708,2.325757304788567e-05,1.373883843421936,0.00010815133409411557,112.95643123399987,,,,
5950,0.27015334367752075,0.0012179305776953697,1.306944432144519e-05,1.3529082536697388,0.00010589395121515429,113.88765648900016,,,,
6000,0.2158597707748413,0.0006820792332291603,1.9855968275805935e-05,1.277958869934082,0.00010364745084375784,114.80007490600019,0.22499531507492065,1.366601511836052,0.751953125,0.017578125
6050,0.22693666815757751,0.0008817595080472529,5.410455287346849e-06,1.3335026502609253,0.00010141238727027756,115.71664565599986,,,,
6100,0.2009979784488678,0.0005396422930061817,1.4425265362660866e-05,1.326084852218628,9.918931196320627e-05,116.64118162700015,,,,
6150,0.2225264310836792,0.0007840716280043125,1.874131521617528e-05,1.2537795305252075,9.697877343311144e-05,117.59209288200009,,,,
6200,0.2781662344932556,0.0013081977376714349,1.8208300389233045e-05,1.2913814783096313,9.478131709729825e-05,118.5340755520001,,,,
6250,0.17571762204170227,0.000442821386968717,6.672104973404203e-06,1.2476338148117065,9.259748514523644e-05,119.48710609599993,,,,
6300,0.2495432198047638,0.0010947792325168848,1.1583384548430331e-05,1.2848190069198608,9.04278164047827e-05,120.38615826700016,,,,
6350,0.19434621930122375,0.0006108362576924264,4.588810497807572e-06,1.2867377996444702,8.827284620923354e-05,121.29889752999998,,,,
6400,0.20935866236686707,0.0005920734838582575,1.7588794435141608e-05,1.3256251811981201,8.613310626523889e-05,122.2268501980002,,,,
6450,0.21780925989151,0.0007850975380279124,1.3378903531702235e-05,1.259205937385559,8.400912452161248e-05,123.18966698700024,,,,
6500,0.22372469305992126,0.0006623922963626683,2.4763143301242962e-05,1.3272231817245483,8.190142503906777e-05,124.16044793399988,0.23035690188407898,1.4684023335576057,0.7421875,0.015625
6550,0.18744361400604248,0.0005391716840676963,1.0484373888175469e-05,1.2304205894470215,7.981052786091382e-05,125.11835838000025,,,,
6600,0.20708933472633362,0.000501478323712945,2.3745396902086213e-05,1.331960916519165,7.773694888474244e-05,126.02358870199987,,,,
6650,0.27407073974609375,0.0012159107718616724,2.2432957848650403e-05,1.3004668951034546,7.568119973513865e-05,126.95503534699992,,,,
6700,0.18533454835414886,0.0004022721841465682,1.655599771765992e-05,1.2855132818222046,7.364378763744408e-05,127.94738277800025,,,,
6750,0.18610790371894836,0.000571060401853174,5.156559836905217e-06,1.2384529113769531,7.162521529260744e-05,128.864764379,,,,
6800,0.21077916026115417,0.0007083118543960154,1.2258000424480997e-05,1.2768996953964233,6.962598075315032e-05,129.79875775100027,,,,
6850,0.22789163887500763,0.0007807197980582714,2.190630584664177e-05,1.2791335582733154,6.764657730027999e-05,130.7174238560001,,,,
6900,0.21799087524414062,0.0008216500282287598,1.2136981240473688e-05,1.2368890047073364,6.568749332218022e-05,131.62884341300014,,,,
6950,0.21345765888690948,0.0007387687219306827,1.30995622384944e-05,1.2648121118545532,6.374921219350799e-05,132.52106013000002,,,,
7000,0.1608947217464447,0.00031747916364111006,8.569953024561983e-06,1.2057685852050781,6.183221215612878e-05,133.4094177679999,0.21230849623680115,1.2965371832251549,0.791015625,0.013671875
7050,0.17958718538284302,0.00045597105054184794,6.036899321770761e-06,1.279531717300415,5.993696620111713e-05,134.30313767999996,,,,
7100,0.21125930547714233,0.0008083906141109765,5.947405043116305e-06,1.244728446006775,5.806394195205327e-05,135.19813790800026,,,,
7150,0.17915362119674683,0.0003766986192204058,3.513018555167946e-06,1.3797072172164917,5.6213601549643965e-05,136.1346163809999,,,,
7200,0.18787629902362823,0.0005404800176620483,1.1068837011407595e-05,1.2275946140289307,5.438640153769629e-05,137.03876428800004,,,,
7250,0.1819896697998047,0.00037428655195981264,1.9098119082627818e-05,1.2546290159225464,5.2582792750472234e-05,137.9349562120001,,,,
7300,0.18350228667259216,0.00045521510764956474,1.3152650353731588e-05,1.2482812404632568,5.080322020145204e-05,138.82151156700002,,,,
7350,0.19782379269599915,0.0006220934446901083,1.2759723176714033e-05,1.2285473346710205,4.904812297353382e-05,139.71097428400026,,,,
7400,0.17912864685058594,0.0004067516711074859,1.3083545127301477e-05,1.2536993026733398,4.73179341106965e-05,140.63431311600016,,,,
7450,0.19561833143234253,0.000511821242980659,1.8105129129253328e-05,1.2633107900619507,4.561308051115271e-05,141.53288513899997,,,,
7500,0.21012991666793823,0.0007631987100467086,6.224995104275877e-06,1.2758502960205078,4.39339828220177e-05,142.434547242,0.2057245969772339,1.0978651233017445,0.82421875,0.013671875
7550,0.21011868119239807,0.00070133653935045,1.6846284779603593e-05,1.2313873767852783,4.2281055335521495e-05,143.35427961300002,,,,
7600,0.21632245182991028,0.00066687649814412,2.1307745555532165e-05,1.2832704782485962,4.065470588678805e-05,144.25745145600013,,,,
7650,0.22765657305717468,0.0008527098107151687,1.9898525351891294e-05,1.2248706817626953,3.90553357532084e-05,145.2199368710003,,,,
7700,0.18090200424194336,0.0004216268425807357,1.141207576438319e-05,1.2732723951339722,3.7483339555430885e-05,146.2744205060003,,,,
7750,0.1791306585073471,0.0003545298823155463,1.902948133647442e-05,1.2464818954467773,3.593910515999518e-05,147.24032130800015,,,,
7800,0.17524990439414978,0.0003614343877416104,1.5155556866375264e-05,1.239509105682373,3.4423013583631384e-05,148.15576583500024,,,,
7850,0.2323818951845169,0.0008624854381196201,2.0785602828254923e-05,1.2534774541854858,3.293543889925038e-05,149.0965287879999,,,,
7900,0.1903868317604065,0.0005161156877875328,9.956742360373028e-06,1.2881851196289062,3.147674814364626e-05,150.03578846200026,,,,
7950,0.21002840995788574,0.0006206997204571962,1.924850403156597e-05,1.2870992422103882,3.0047301226936256e-05,150.96573695400002,,,,
8000,0.2354876697063446,0.0008634838741272688,2.3807286197552457e-05,1.2533199787139893,2.864745084375776e-05,151.928498923,0.2009238302707672,1.0919135995209217,0.83984375,0.013671875
8050,0.19676248729228973,0.00048214494017884135,2.0833922462770715e-05,1.2771406173706055,2.7277542386246373e-05,152.89346362600008,,,,
8100,0.18246367573738098,0.0003594358277041465,1.9626057110144757e-05,1.2689404487609863,2.5937913858815613e-05,153.89933994500007,,,,
8150,0.20232462882995605,0.0005361405783332884,1.560385135235265e-05,1.3310672044754028,2.4628895794759346e-05,154.87138082699994,,,,
8200,0.20527786016464233,0.0006868126802146435,1.3808199582854286e-05,1.2278838157653809,2.335081117469763e-05,155.88094833600007,,,,
8250,0.1791926473379135,0.00046814396046102047,9.247973139281385e-06,1.2313027381896973,2.2103975346886062e-05,156.82678278799995,,,,
8300,0.1492684930562973,0.00030253021395765245,4.624333087122068e-06,1.143911361694336,2.088869594940836e-05,157.83979401800025,,,,
8350,0.17246577143669128,0.0003852985391858965,1.0021551133831963e-05,1.2391436100006104,1.9705272834271196e-05,158.88188555800025,,,,
8400,0.17246758937835693,0.00043102301424369216,7.986860509845428e-06,1.2137843370437622,1.855399799342037e-05,159.94715167000004,,,,
8450,0.15381816029548645,0.0002146986371371895,8.02033900981769e-06,1.2432795763015747,1.7435155486695908e-05,160.95984330700003,,,,
8500,0.19825437664985657,0.0006243568495847285,1.6128340575960465e-05,1.1969035863876343,1.6349021371744773e-05,161.90661563799995,0.19708657264709473,1.0136822238564491,0.841796875,0.01171875
8550,0.18659743666648865,0.00044569637975655496,1.628836616873741e-05,1.2573944330215454,1.5295863635907613e-05,162.84317630900023,,,,
8600,0.18912698328495026,0.0006019262364134192,5.347595106286462e-06,1.2358676195144653,1.4275942130097046e-05,163.8195882949999,,,,
8650,0.2012147307395935,0.0005054345820099115,2.1491636289283633e-05,1.2917964458465576,1.3289508504683188e-05,164.745629216,,,,
8700,0.24393649399280548,0.0009606924140825868,1.924894422700163e-05,1.2861831188201904,1.2336806147402783e-05,165.67460524399985,,,,
8750,0.21505078673362732,0.0007478971965610981,1.7101063349400647e-05,1.231600046157837,1.1418070123306948e-05,166.6076721720001,,,,
8800,0.15928593277931213,0.0002395568008068949,1.3036911695962772e-05,1.2229334115982056,1.0533527116762266e-05,167.52932972500003,,,,
8850,0.20125260949134827,0.0006913901306688786,5.862521902599838e-06,1.2625106573104858,9.683395375519878e-06,168.48888530900012,,,,
8900,0.17135658860206604,0.000310143077513203,1.9888389942934737e-05,1.2045388221740723,8.867884656866153e-06,169.4034605249999,,,,
8950,0.20956212282180786,0.0007302362937480211,9.421857612323947e-06,1.2711663246154785,8.087196175868175e-06,170.39118859300015,,,,
9000,0.21373042464256287,0.0007676277309656143,4.092737526661949e-06,1.328749179840088,7.341522555726943e-06,171.60907500800022,0.1957210898399353,0.9694540873169899,0.84765625,0.01171875
9050,0.1945185661315918,0.0005548613844439387,4.87234956381144e-06,1.341600775718689,6.631047780250457e-06,172.6453029520003,,,,
9100,0.1634867638349533,0.00022428530792240053,1.4040748283150606e-05,1.2701747417449951,5.9559471484585145e-06,173.63657293200004,,,,
9150,0.19869542121887207,0.0005614900728687644,1.9344633983564563e-05,1.2320177555084229,5.3163872313302645e-06,174.60743993699998,,,,
9200,0.21421706676483154,0.0007940841605886817,1.0026635209214874e-05,1.247820258140564,4.712525830705332e-06,175.576897594,,,,
9250,0.170371413230896,0.00035518352524377406,1.0341631423216313e-05,1.2451143264770508,4.144511940348497e-06,176.53145834299994,,,,
9300,0.1793902963399887,0.0004626275331247598,8.788840204942971e-06,1.24338698387146,3.6124857091878853e-06,177.45375253800012,,,,
9350,0.2136383056640625,0.0007760247681289911,1.910681021399796e-05,1.1692900657653809,3.116578406735107e-06,178.37775913099995,,,,
9400,0.18128035962581635,0.0004349056398496032,1.3940386452304665e-05,1.2384941577911377,2.656912390696698e-06,179.29467393599998,,,,
9450,0.19809438288211823,0.0005197972641326487,1.4710122741234954e-05,1.3140453100204468,2.233601076783912e-06,180.23468248300014,,,,
9500,0.18384113907814026,0.00047236104728654027,1.2040773071930744e-05,1.2456426620483398,1.8467489107293432e-06,181.16670769500024,0.19503253698349,0.9616617113351822,0.845703125,0.01171875
9550,0.1937289834022522,0.0005071550840511918,2.0621586372726597e-05,1.2239187955856323,1.496451342516363e-06,182.13436943800025,,,,
9600,0.23092329502105713,0.0007509532733820379,3.049306178581901e-05,1.2533490657806396,1.1827948028283297e-06,183.080268747,,,,
9650,0.17908966541290283,0.00044279563007876277,5.623180186375976e-06,1.2918691635131836,9.058566817230393e-07,184.01458179500014,,,,
9700,0.18100088834762573,0.00044740192242898047,1.641692506382242e-05,1.1984376907348633,6.657053095379972e-07,185.0275686509999,,,,
9750,0.15847264230251312,0.00025700926198624074,9.330686225439422e-06,1.234410285949707,4.623999400308031e-07,185.93950285600022,,,,
9800,0.19516371190547943,0.0005509247421287,1.54718854901148e-05,1.2459934949874878,2.959907357592646e-07,186.89387237300025,,,,
9850,0.20989197492599487,0.000575798680074513,2.095428317261394e-05,1.3135781288146973,1.6651875570451353e-07,187.97991840700024,,,,
9900,0.18216711282730103,0.0004318549472372979,1.4736339835508261e-05,1.24245285987854,7.401594514025961e-08,188.98949074300026,,,,
9950,0.20634374022483826,0.0006535945576615632,1.5055724361445755e-05,1.2592854499816895,1.8505127750911738e-08,190.1064650530002,,,,
10000,0.17952851951122284,0.00041179300751537085,1.1068405910918955e-05,1.2728080749511719,0.0,191.17485070800012,0.19499726593494415,0.9581942111253738,0.849609375,0.01171875
